<?xml version="1.0"?>
<project name="javaBuild" default="prepare" xmlns:if="ant:if"
    xmlns:unless="ant:unless">
	<import  file="commonBuild.xml"/>

	<target name="init" depends="readBuildProperties">
		<property environment="env"/>
		
		<property name="module.distDir" value="product/distributions/${module.distVersion}"/>
		
		<property name="module.repositoryDir" value="/home/nicarran/boxes/ant/project/repository"/>
	
		<property name="doc.appName" value="${module.artifactId}"/>
		<script language="javascript"><![CDATA[
			project.setProperty("doc.lowerAppName", project.getProperty("doc.appName").toLowerCase());
		]]></script>
		<property name="doc.lowerAppName-ver" value="${doc.lowerAppName}-${module.version}"/>
		<mkdir dir="doc"/>
		<fileset dir="doc" id="filesetId.commands">
			<include name="*/commands.properties" />
		</fileset>
		<pathconvert property="commands.properties.file" refid="filesetId.commands" setonempty="false"/>
		<property file="${commands.properties.file}"/>
	
		<property name="copyright.licenseName" value="GNU General Public License"/>
		<property name="copyright.licenseAbrevName" value="GNU GPL" />
		<property name="copyright.licenseVersion" value="3" />
		<property name="copyright.licensesDir" value="/home/nicarran/boxes/ant/project/licenses/GPL"/>
		<tstamp>
			<format property="copyright.years" pattern="yyyy"/>
		</tstamp>
		<available property="copyright.contributorsAvail" file="src/copyright/${module.commercialId}-copyright.txt"></available>
	
		<mkdir dir="doc"/>
		<fileset dir="doc" id="filesetId.commands">
			<include name="*/commands.properties" />
		</fileset>
		<pathconvert property="commands.properties.file" refid="filesetId.commands" setonempty="false"/>
		<property file="${commands.properties.file}"/>
		<property name="doc.appName" value="${module.artifactId}"/>
		<script language="javascript"><![CDATA[
			project.setProperty("doc.lowerAppName", project.getProperty("doc.appName").toLowerCase());
		]]></script>
		<property name="doc.lowerAppName-ver" value="${doc.lowerAppName}-${module.version}"/>
	
		<mkdir dir="dependencies/main-jars"/>
		<mkdir dir="dependencies/test-jars"/>
		<mkdir dir="dependencies/modules"/>
		<mkdir dir="product"/>
		<mkdir dir="src/main/java/${module.packageAsDir}"/>
		<mkdir dir="src/test/java/${module.packageAsDir}"/>
		<mkdir dir="src/main/resources/${module.packageAsDir}"/>
		<mkdir dir="src/aux/java/${module.packageAsDir}"/>
		<mkdir dir="src/jars"/>
		<mkdir dir="src/copyright"></mkdir>
	
		<touch mkdirs="true" file="src/main/java/META-INF/MANIFEST.MF"/>
		<touch mkdirs="true" file="src/test/java/META-INF/MANIFEST.MF"/>
	
		<path id="module.depclasspath">
			<fileset dir="dependencies/main-jars" includes="*.jar"/>
			<fileset dir="dependencies/test-jars" includes="*.jar"/>
			<dirset dir="dependencies/modules">
				<include name="*/src/main/java"/>
				<include name="*/src/aux/java"/>
			</dirset>
		</path>
	
		<property name="module.srcclasspath" value="src/main/java:src/aux/java:src/test/java"/>
	
		<pathconvert property="_hasSources" setonempty="false">
			<path>
				<fileset dir="src/main/java" includes="**/*.java"/>
			</path>
		</pathconvert>
	
		<condition property="disable.javadoc">
			<or>
				<isset property="module.is3rdParty"/>
				<not>
					<isset property="_hasSources"/>
				</not>
			</or>
		</condition>
	
		<copy file="/home/nicarran/boxes/ant/project/logging.properties" todir="."/>
	</target>

	<target name="updateManifest" depends="init" unless="module.is3rdParty">
		<property name="module.mainClass" value="UNDEFINED"/>
		<manifest mode="replace" file="src/main/java/META-INF/MANIFEST.MF">
			<!-- Version 1.2 allows extensions (Class-path tag). In client apps I prefer using the -Djava.ext.dirs dynamic property.-->
			<attribute name="Manifest-Version" value="1.2"/>
			<attribute name="Created-By" value="${module.author} (See ${module.url})"/>
			<attribute name="Main-Class" value="${module.mainClass}"/>
		</manifest>
		<path id="_lib">
			<fileset dir="dependencies">
				<include name="main-jars/*.jar"/>
				<include name="modules/*/product/*.jar"/>
				<exclude name="modules/*/product/*.test.jar"/>
			</fileset>
		</path>
		<pathconvert pathsep=" " dirsep="/" property="_classpath" refid="_lib">
			<mapper type="flatten"/>
		</pathconvert>
		<echo>Manifest classpath: "${_classpath}"</echo>
		<manifest unless:blank="${_classpath}" mode="update" file="src/main/java/META-INF/MANIFEST.MF">
			<!-- Version 1.2 allows extensions (Class-path tag). In client apps I prefer using the -Djava.ext.dirs dynamic property.-->
			<attribute name="Class-path" value="${_classpath}"/>
		</manifest>
		<path id="_lib">
			<fileset dir="dependencies">
				<include name="test-jars/*.jar"/>
			</fileset>
		</path>
		<pathconvert pathsep=" " dirsep="/" property="_classpath2" refid="_lib">
			<mapper type="flatten"/>
		</pathconvert>
		<echo>Test Manifest extra classpath: "${_classpath2}"</echo>
		<manifest mode="replace" file="src/test/java/META-INF/MANIFEST.MF">
			<attribute name="Manifest-Version" value="1.2"/>
			<attribute name="Created-By" value="${module.author}"/>
			<attribute name="Class-path" value="${module.package-ver}.jar ${_classpath2}"/>
		</manifest>
	</target>
	
	<!-- This is an antipattern: use tests.
	<target name="run" depends="init">
		<java classname="${module.mainClass}">
			<classpath refid="module.depclasspath"/>
			<classpath>
				<pathelement path="src/main/java:src/aux/java"/>
			</classpath>
		</java>
	</target> -->

	<target name="linkSrc" depends="init" description="Makes links to the sources.">
		<exec executable="ln" os="Linux">
			<arg value="-sfT"/>
			<arg value="src/main/java/${module.packageAsDir}"/>
			<arg value="src-java"/>
		</exec>
		<exec executable="ln" os="Linux">
			<arg value="-sfT"/>
			<arg value="src/main/java/META-INF"/>
			<arg value="src-java:metaInf"/>
		</exec>
		<exec executable="ln" os="Linux">
			<arg value="-sfT"/>
			<arg value="src/main/resources/${module.packageAsDir}"/>
			<arg value="src-resources"/>
		</exec>
		<exec executable="ln" os="Linux">
			<arg value="-sfT"/>
			<arg value="src/test/java/${module.packageAsDir}"/>
			<arg value="src-java-test"/>
		</exec>
		<exec executable="ln" os="Linux">
			<arg value="-sfT"/>
			<arg value="src/aux/java/${module.packageAsDir}"/>
			<arg value="src-java-aux"/>
		</exec>
	</target>

	<target name="linkTestJars" description="Links the jars required for tests." depends="init">
		<exec executable="ln" os="Linux">
			<arg value="-s"/>
			<arg value="-f"/>
			<arg value="${module.repositoryDir}/jars/junit.framework-3.8.2.jar"/>
			<arg value="${module.repositoryDir}/jars/nicarran.junit-1.jar"/>
			<arg value="dependencies/test-jars"/>
		</exec>
	</target>

	<target name="linkEjbClientJars" description="Links the jar required in a common EJB client." depends="init">
		<antcall target="_linkEjbClientJars">
			<param name="_linkEjbClientJars_dest" value="dependencies/main-jars"/>
		</antcall>
	</target>

	<target name="linkEjbTestJars" description="Links the jar required to test EJBs." depends="init">
		<antcall target="_linkEjbClientJars">
			<param name="_linkEjbClientJars_dest" value="dependencies/test-jars"/>
		</antcall>
	</target>

	<target name="_linkEjbClientJars">
		<exec executable="ln" os="Linux">
			<arg value="-s"/>
			<arg value="-f"/>
			<arg value="${module.repositoryDir}/jars/jboss.allClient-4.0.5.jar"/>
			<arg value="${module.repositoryDir}/jars/jboss.ejb3Client-4.0.5.jar"/>
			<arg value="${module.repositoryDir}/jars/jboss.aopJdk50Client-4.0.5.jar"/>
			<arg value="${module.repositoryDir}/jars/jboss.aspectJdk50Client-4.0.5.jar"/>
			<arg value="${_linkEjbClientJars_dest}"/>
		</exec>
	</target>

	<target name="linkProcessorJars" depends="init">
		<exec executable="ln" os="Linux">
			<arg value="-s"/>
			<arg value="-f"/>
			<arg value="${module.repositoryDir}/jars/nicarran.annotation-2.jar"/>
			<arg value="dependencies/main-jars"/>
		</exec>
	</target>

	<target name="clean" description="Removes the compiled classes" depends="init, cleanJar">
		<delete includeemptydirs="true">
			<fileset dir="src" includes="**/*.class"/>
		</delete>
	</target>

	<target name="process" depends="init" description="Process annotations" if="module.annotationProcessors">
		<echo>module.annotationProcessors: ${module.annotationProcessors}</echo>
		<pathconvert property="module.depclasspath" refid="module.depclasspath"/>
		<javac debug="${module.javacDebug}" target="${module.javacTarget}" includeAntRuntime="no" srcdir="${module.srcclasspath}">
			<classpath refid="module.depclasspath"/>
			<compilerarg line="${module.annotationProcessors} -proc:only -processorpath &quot;${module.depclasspath}&quot; -s src/aux/java"/>
		</javac>
	</target>

	<target name="cleanProcess" depends="init">
		<delete includeemptydirs="true">
			<fileset dir="src/aux/java/${module.packageAsDir}" includes="**/*"/>
		</delete>
	</target>

	<target name="compile" description="Compiles the sources found in src" depends="init">
		<property name="java.compiler" value="javac"/>	
		<property name="module.javacFork" value="false"/>
		<property name="module.javacDebug" value="true"/>
		
		<javac debug="${module.javacDebug}" target="${module.javacTarget}" compiler="javac${module.javacTarget}" fork="${module.javacFork}" executable="${java.compiler}" includeantruntime="no" srcdir="${module.srcclasspath}">
			<exclude name="**/*.nu.java"/>
			<classpath refid="module.depclasspath"/>
			<compilerarg value="-Xlint:unchecked"/>
			<compilerarg value="-Xlint:deprecation"/>
		</javac>
	</target>

	<target name="deptree">
		<exec executable="antProject-module-deptree" os="Linux">
			<arg value="--cksum"/>
		</exec>
	</target>

	<target name="test" description="Does JUnit tests" depends="compile, deptree">
		<junit haltonfailure="yes" fork="yes" showoutput="yes" forkmode="once" jvm="/opt/sun-jdk-1.6.0.30-x86/bin/java">
			<!--jvm="${java.command}" test on the current vm!-->
			<jvmarg value="-Xmx512M"/>
						<!--<jvmarg value="-Xms256M"/>-->
			<!--<jvmarg value="-Djava.util.logging.config.file=logging.properties"/>-->
						<!--<jvmarg value="-verbose:gc"/>-->
						<!--<jvmarg value="-XX:+ShowMessageBoxOnError"/>-->
						<!--<jvmarg value="-Xincgc"/>-->
			<!--<jvmarg value="-Dsun.java2d.opengl=True"/>-->
			<jvmarg value="-Djava.library.path=deptree/main-deptree/jars:deptree/test-deptree/jars"/>
			<formatter type="plain" usefile="false"/>
			<classpath>
				<pathelement path="${module.srcclasspath}"/>
				<fileset dir="deptree/main-deptree/jars" includes="*.jar"/>
				<fileset dir="deptree/test-deptree/jars" includes="*.jar"/>
			</classpath>
			<batchtest>
				<fileset dir="src/test/java" includes="**/*Test.class" excludes="**/*Tests.class **/demo/*Test.class"/>
			</batchtest>
		</junit>
	</target>

	<target name="profile" description="profiles using jrat" depends="init, compile">
		<fail message="You must define module.profileClass in the module.properties file.">
			<condition>
				<not>
					<isset property="module.profileClass"/>
				</not>
			</condition>
		</fail>
		<mkdir dir="profilerOutput"/>
		<property name="_profilerOutputFile" value="profilerOutput/profile-${DSTAMP}-${TSTAMP}.xml"/>
		<echo file="profile.properties">output=xml
file=${_profilerOutputFile}
				</echo>
		<java classname="${module.profileClass}" fork="yes">
			<jvmarg value="-verbose:gc"/>
			<jvmarg value="-Djava.library.path=deptree/main-deptree/jars"/>
						<!--<jvmarg value="-javaagent:/home/nicarran/boxes/jrat/distribution/shiftone-jrat.jar"/>-->
			<jvmarg value="-javaagent:/home/nicarran/boxes/jip/distribution/profile/profile.jar"/>
						<!--<jvmarg value="-agentlib:jdwp=transport=dt_socket,address=8000,server=y,suspend=n"/>-->
			<jvmarg value="-Dprofile.properties=profile.properties"/>
			<classpath>
				<pathelement path="${module.srcclasspath}"/>
				<fileset dir="deptree/test-deptree/jars" includes="*.jar"/>
			</classpath>
		</java>
		<java jar="/home/nicarran/boxes/jip/distribution/client/jipViewer.jar" fork="yes">
			<arg value="${_profilerOutputFile}"/>
		</java>
	</target>

	<target name="prepWinTest" depends="deptree">
		<property name="_winTestDir" value="product/win-test"/>
		<fail message="You must link the windows test dir to ${_winTestDir}.">
			<condition>
				<not>
					<available file="${_winTestDir}" type="dir"/>
				</not>
			</condition>
		</fail>
		<delete>
			<fileset dir="${_winTestDir}" includes="*.jar"/>
		</delete>
		<copy todir="${_winTestDir}">
			<fileset dir="deptree/main-deptree/jars" includes="*.*"/>
			<fileset dir="deptree/test-deptree/jars" includes="*.*"/>
			<fileset dir="product" includes="*.test.jar, *.dll"/>
		</copy>
		<pathconvert targetos="windows" property="_winClasspath">
			<path>
				<fileset dir="${_winTestDir}" includes="*.jar"/>
			</path>
			<mapper type="flatten"/>
		</pathconvert>
		<echo file="${_winTestDir}/runTest.bat">java -Dsun.java2d.d3d=false -cp "${_winClasspath}" junit.textui.TestRunner %1 %2 %3
				</echo>
		<pathconvert targetos="unix" property="_unixClasspath">
			<path>
				<fileset dir="${_winTestDir}" includes="*.jar"/>
			</path>
			<mapper type="flatten"/>
		</pathconvert>
		<echo file="${_winTestDir}/runTest.sh">export LD_LIBRARY_PATH=.
java -cp "${_unixClasspath}" junit.textui.TestRunner $1</echo>
		<pathconvert pathsep=" " dirsep="." property="_winAvailableTests">
			<path>
				<fileset dir="src/test/java" includes="**/*Test.class"/>
				<fileset dir="src/test/java" includes="**/*Tests.class"/>
			</path>
			<map from="${basedir}/src/test/java/" to=""/>
			<mapper type="glob" from="*.class" to="*"/>
		</pathconvert>
		<echo file="${_winTestDir}/availableTests.txt">${_winAvailableTests}
				</echo>
	
		<zip destfile="${_winTestDir}/tests.zip" basedir="${_winTestDir}" excludes="**/tests.zip"/>
	</target>

	<target name="cleanJar" depends="init" description="sets the product jar to empty content" unless="module.is3rdParty">
		<delete>
			<fileset dir="product">
				<include name="${module.package-ver}.jar"/>
				<include name="${module.package-ver}.test.jar"/>
			</fileset>
		</delete>
		<jar destfile="product/${module.package-ver}.jar"/>
		<jar destfile="product/${module.package-ver}.test.jar"/>
	</target>

	<target name="jar" description="Constructs the main jar." depends="init, cleanJar, updateManifest, compile" unless="module.is3rdParty">
		<delete file="${module.repositoryDir}/jarsCksum"/>
		<jar destfile="product/${module.package-ver}.jar" manifest="src/main/java/META-INF/MANIFEST.MF">
			<fileset dir="src/main/java" includes="META-INF/**/*.xml"/>
			<fileset dir="src/main/java" includes="**/*.class"/>
			<fileset dir="src/aux/java" includes="**/*.class"/>
			<fileset dir="src/main/resources">
				<include name="**/*"/>
			</fileset>
		</jar>
		<zip keepcompression="true" duplicate="preserve" destfile="product/${module.package-ver}.jar.tmp">
			<zipgroupfileset dir="product" includes="${module.package-ver}.jar" />
			<zipgroupfileset dir="src/jars" includes="*.jar" />
		</zip>
		<move file="product/${module.package-ver}.jar.tmp" tofile="product/${module.package-ver}.jar" />
		<jar destfile="product/${module.package-ver}.test.jar" manifest="src/test/java/META-INF/MANIFEST.MF">
			<fileset dir="src/test/java" includes="**/*" excludes="**/*.java"/>
		</jar>
	</target>

	<target name="javadoc" description="Prepares and generates Javadoc" depends="init" unless="disable.javadoc">
		<delete dir="product/javadoc"/>
		<mkdir dir="product/javadoc"/>
		<javadoc WindowTitle="${module.id-fullVer}" DocTitle="${module.commercialId}-${module.version}" destdir="product/javadoc" classpathref="module.depclasspath" linksource="yes" bottom="&lt;div class=&quot;bottom&quot;&gt; Copyright &#169; ${copyright.years} &lt;a target=&quot;_blank&quot; href=&quot;${module.url}&quot;&gt;${module.commercialId}&lt;/a&gt;. &lt;/div&gt;">
		<!--
		bottom="&lt;div class=&quot;bottom&quot;&gt; Copyright &#169; ${copyright.years} ${module.author} and individual contributors. &lt;a href=&quot;${module.url}&quot;&gt;${module.commercialId}&lt;/a&gt; is licensed under the &lt;a href=&quot;http://www.gnu.org/licenses/lgpl.html&quot;&gt;GNU LGPL&lt;/a&gt;. &lt;/div&gt;"
		-->
			<packageset dir="src/main/java"/>
			<packageset dir="src/aux/java"/>
			<!--
			<sourcepath path="src/main/java"/>
			<package name="jpen"/>
			<package name="jpen.event**.*"/>
			<package name="jpen.owner**.*"/>
			<package name="jpen.demo"/>
			-->
		</javadoc>
		<!--
		<exec executable="ln" os="Linux">
			<arg value="-sfT"/>
			<arg value="/home/nicarran/boxes/javadoc/stylesheet-nicarran.css"/>
			<arg value="product/javadoc/stylesheet.css"/>
		</exec>
		-->
	</target>

	<target name="javadocUml" description="Prepares and generates Javadoc" depends="init" unless="disable.javadoc">
		<delete dir="product/javadoc"/>
		<mkdir dir="product/javadoc"/>
		<javadoc WindowTitle="${module.package-ver}" DocTitle="${module.commercialId} (ver.${module.version})" destdir="product/javadoc" classpathref="module.depclasspath" stylesheetfile="/home/nicarran/boxes/latex2html/latex2html.css" bottom="&lt;div class=&quot;bottom&quot;&gt; Copyright &#169; ${copyright.years} &lt;a target=&quot;_blank&quot; href=&quot;${module.url}&quot;&gt;${module.commercialId}&lt;/a&gt;">
			<packageset dir="src/main/java"/>
			<packageset dir="src/aux/java"/>
			<doclet name="org.umlgraph.doclet.UmlGraphDoc" path="${env.UMLGRAPH_HOME}/UmlGraph.jar">
				<!--<param name="-attributes" />
				<param name="-operations" />
				<param name="-qualify" />-->
				<param name="-types" />
				<param name="-visibility" />
				<param name="-nodesep" value="0.15"/>
				<param name="-ranksep" value="0.25"/>
				<param name="-horizontal"/>
				<!--<param name="-collapsible"/>-->
				
				<!-- javadoc params: -->
				<param name="-linksource"/>
			</doclet>
		</javadoc>
		<!-- graphuml already does this:
		<apply dir="product/javadoc" executable="dot" parallel="false" relative="true">
			<arg value="-Tpng"/>
			<arg value="-o"/>
			<targetfile/>
			<srcfile/>
			<fileset dir="product/javadoc" includes="**/*.dot"/>
			<mapper type="glob" from="*.dot" to="*.png"/>
		</apply>-->
	</target>

	<target name="licenses" depends="init">
		<copy todir="src/copyright">
			<fileset dir="${copyright.licensesDir}" includes="*"></fileset>
		</copy>
	</target>

	<target name="copyrightSrcs" depends="init">
		<property name="module.copyrightSrcAuthor" value=""/>
		<property name="module.copyrightSrcMail" value=""/>
		<echo file="copyright.tmp">/* [{
Copyright ${copyright.years} ${module.copyrightSrcAuthor} &lt;${module.copyrightSrcMail}&gt;

This file is part of ${module.commercialId}.

${module.commercialId} is free software: you can redistribute it and/or modify
it under the terms of the ${copyright.licenseName} as published by
the Free Software Foundation, either version ${copyright.licenseVersion} of the License,
or (at your option) any later version.

${module.commercialId} is distributed in the hope that it will be useful,
but WITHOUT ANY WARRANTY; without even the implied warranty of
MERCHANTABILITY or FITNESS FOR A PARTICULAR PURPOSE.  See the
${copyright.licenseName} for more details.

You should have received a copy of the ${copyright.licenseName}
along with ${module.commercialId}.  If not, see &lt;http://www.gnu.org/licenses/&gt;.
}] */
</echo>
		<mapper id="out" type="glob" from="*" to="*.tmp-cr"/>
		<apply executable="cat">
			<arg value="copyright.tmp"/>
			<srcfile/>
			<fileset dir="." includes="src/**/*.java src/**/*.c src/**/*.h">
				<not>
					<contains text="Copyright "></contains>
				</not>
				<not>
					<contains text="DO NOT EDIT"></contains>
				</not>
			</fileset>
			<redirector>
				<outputmapper refid="out"/>
			</redirector>
		</apply>
		<move todir="." includeemptydirs="false">
			<fileset dir="." includes="src/**/*.tmp-cr"/>
			<mapper type="glob" from="*.tmp-cr" to="*"/>
		</move>
		<delete file="copyright.tmp"/>
	</target>

	<target name="copyright" depends="licenses, copyrightSrcs"/>

	<target name="copyrightErase" depends="init">
		<apply executable="nicarran.system.utils">
			<arg value="sys_copyrightEraser"/>
			<srcfile/>
			<fileset dir="." includes="src/**/*.java src/**/*.c src/**/*.h"/>
		</apply>
	</target>

	<target name="distPrep" depends="init">
		<delete dir="${module.distDir}" quiet="true"/>
		<mkdir dir="${module.distDir}"/>
	</target>

	<target name="distJavadoc" depends="init">
		<zip destfile="${module.distDir}/${module.id-fullVer}-javadoc.zip">
			<zipfileset dir="product/javadoc" prefix="${module.id-fullVer}"/>
			<zipfileset dir="src/copyright" prefix="${module.id-fullVer}"/>
		</zip>
	</target>

	<target name="distSrc" depends="init">
		<zip destfile="${module.distDir}/${module.id-fullVer}-src.zip">
			<zipfileset dir="src/main/java" prefix="${module.id-fullVer}/src/main/java" includes="**/*.java"/>
			<zipfileset dir="src/main/resources" prefix="${module.id-fullVer}/src/main/resources" includes="**/*.properties, **/*.java"/>
			<zipfileset dir="src/main/c" prefix="${module.id-fullVer}/src/main/c" includes="**/*.h, **/*.c, **/*.m, **/*.pbxproj"/>
			<zipfileset dir="src/test/java" prefix="${module.id-fullVer}/src/test/java" includes="**/SmokeTest.java"/>
			<zipfileset dir="." prefix="${module.id-fullVer}/" includes="pom.xml,module.properties,nativeBuild.properties"/>
			<zipfileset dir="src/copyright" prefix="${module.id-fullVer}"/>
		</zip>
	</target>

	<target name="distLib" depends="init">
		<zip destfile="${module.distDir}/${module.id-fullVer}-lib.zip">
			<zipfileset dir="product" prefix="${module.id-fullVer}" includes="*.jar *.dll *.so *.jnilib" excludes="*test*"/>
			<zipfileset dir="src/copyright" prefix="${module.id-fullVer}"/>
		</zip>
	</target>

	<target name="dist" depends="distPrep, distJavadoc, distSrc, distLib"/>

	<target name="distUpload" depends="init">
		<scp sftp="true" todir="${sourceforge.userId}:${sourceforge.userPass}@frs.sf.net:/home/users/n/ni/nicarran/uploads">
			<fileset dir="${module.distDir}"/>
		</scp>
	<!--
		<ftp server="frs.sourceforge.net" remotedir="/home/users/n/ni/nicarran/uploads" userid="anonymous" password="anonymous">
			<fileset dir="${module.distDir}"/>
		</ftp>-->
	</target>

	<target name="all" depends="jar, javadoc"/>

	<target name="prepare" depends="linkSrc, jar"/>
</project>
